{
    "about": {
        "builder": true,
        "name": "About Section",
        "content": {
            "images": {
                "image": {
                    "size": "1440x520"
                }
            },
            "title": "text",
            "subtitle": "text"
        },
        "element": {
            "title": "text",
            "description": "textarea",
            "icon": "icon",
            "modal": true
        }
    },
    "service": {
        "builder": true,
        "name": "Service Section",
        "content": {
            "title": "text",
            "subtitle": "text"
        },
        "element": {
            "title": "text",
            "description": "textarea",
            "icon": "icon",
            "modal": true
        }
    },
    "contact": {
        "builder": true,
        "no_selection": true,
        "name": "Contact Page",
        "content": {
            "form_title": "text",
            "sub_title": "text",
            "email": "text"
        }
    },
    "social_icon": {
        "builder": true,
        "no_selection": true,
        "name": "Social Icon",
        "element": {
            "name": "text",
            "url": "text",
            "modal": true
        }
    },
    "footer": {
        "builder": true,
        "no_selection": true,
        "name": "Footer Section",
        "content": {
            "heading": "text",
            "title": "text",
            "description": "textarea"
        }
    },
    "plan": {
        "builder": true,
        "no_selection": true,
        "name": "Plan Section",
        "content": {
            "title_1": "text",
            "subtitle_1": "text",
            "title_2": "text",
            "subtitle_2": "text"
        }
    },
  
    "contributor": {
        "builder": true,
        "name": "Contributor Section",
        "content": {
            "title": "text",
            "subtitle": "text"
        }
    },
    "member": {
        "builder": true,
        "no_selection": true,
        "name": "Member Page",
        "content": {
            "title": "text"
        }
    },
    "premium": {
        "builder": true,
        "no_selection": true,
        "name": "Premium Image page",
        "content": {
            "title": "text"
        }
    },
    "policy_pages": {
        "builder": true,
        "name": "Policy Pages",
        "element": {
            "title": "text",
            "details": "textarea-nic",
            "modal": false
        }
    },
    "default_images": {
        "builder": true,
        "no_selection": true,
        "name": "Default Images",
        "content": {
            "images": {
                "cover_photo": {
                    "size": "1920x450"
                },
                "loading_image": {
                    "size": "350x230"
                }
            }
        }
    }
}


